{"cameraMode":{"drawMode":0,"name":"Shaded","section":"Shading Mode"},"sceneLighting":true,"audioPlay":false,"sceneViewState":{"m_AlwaysRefresh":false,"showFog":true,"showSkybox":true,"showFlares":true,"showImageEffects":true,"showParticleSystems":true,"showVisualEffectGraphs":true,"m_FxEnabled":true},"in2DMode":false,"pivot":{"x":0.5263590812683106,"y":-1.0799212455749512,"z":-0.3263206481933594},"rotation":{"x":-0.3085649609565735,"y":-0.026537040248513223,"z":0.008611549623310566,"w":-0.9507977962493897},"size":5.8305230140686039,"orthographic":false}