{"cameraMode":{"drawMode":0,"name":"Shaded","section":"Shading Mode"},"sceneLighting":true,"audioPlay":false,"sceneViewState":{"m_AlwaysRefresh":false,"showFog":true,"showSkybox":true,"showFlares":true,"showImageEffects":true,"showParticleSystems":true,"showVisualEffectGraphs":true,"m_FxEnabled":true},"in2DMode":false,"pivot":{"x":0.029365241527557374,"y":5.963912487030029,"z":-8.804058074951172},"rotation":{"x":-0.17489463090896607,"y":-0.011227257549762726,"z":0.0019933495204895736,"w":-0.9845287203788757},"size":0.31772083044052126,"orthographic":false}