{"cameraMode":{"drawMode":0,"name":"Shaded","section":"Shading Mode"},"sceneLighting":true,"audioPlay":false,"sceneViewState":{"showFog":true,"showMaterialUpdate":false,"showSkybox":true,"showFlares":true,"showImageEffects":true,"showParticleSystems":true},"in2DMode":false,"pivot":{"x":-2.1887054443359377,"y":6.278044700622559,"z":-4.486379623413086},"rotation":{"x":-0.12545771896839143,"y":0.781670331954956,"z":-0.16686032712459565,"w":-0.5877174735069275},"size":6.8450117111206059,"orthographic":false}